{
    "answers": [
        {
            "gender": null,
            "age": "Выберите опцию",
            "answer1": "баржА",
            "answer2": "кирзОвый",
            "answer3": "ржавЕть",
            "answer4": "петлЯ",
            "answer5": "инАче",
            "answer6": "гофрИровать",
            "answer7": null,
            "answer8": null,
            "user": "yes"
        },
        {
            "gender": null,
            "age": "Выберите опцию",
            "answer1": "бАржа",
            "answer2": "кирзОвый",
            "answer3": "ржавЕть",
            "answer4": "пЕтля",
            "answer5": null,
            "answer6": null,
            "answer7": null,
            "answer8": null,
            "user": "yes"
        },
        {
            "gender": "female",
            "age": "Выберите опцию",
            "answer1": "баржА",
            "answer2": null,
            "answer3": null,
            "answer4": "пЕтля",
            "answer5": "инАче",
            "answer6": null,
            "answer7": null,
            "answer8": null,
            "user": "yes"
        },
        {
            "gender": null,
            "age": "Выберите опцию",
            "answer1": "баржА",
            "answer2": null,
            "answer3": null,
            "answer4": null,
            "answer5": null,
            "answer6": null,
            "answer7": null,
            "answer8": null,
            "user": "yes"
        },
        {
            "gender": "male",
            "age": "46-55",
            "answer1": "бАржа",
            "answer2": "кирзОвый",
            "answer3": "ржАветь",
            "answer4": "пЕтля",
            "answer5": "инАче",
            "answer6": "гофрировАть",
            "answer7": "искрИться",
            "answer8": "окислИться",
            "user": "yes"
        },
        {
            "gender": "female",
            "age": "<18",
            "answer1": "бАржа",
            "answer2": "кИрзовый",
            "answer3": "ржАветь",
            "answer4": "петлЯ",
            "answer5": "Иначе",
            "answer6": "гофрировАть",
            "answer7": "искрИться",
            "answer8": "окислИться",
            "user": "yes"
        },
        {
            "gender": "male",
            "age": "18-25",
            "answer1": "баржА",
            "answer2": "кирзОвый",
            "answer3": "ржавЕть",
            "answer4": "пЕтля",
            "answer5": "инАче",
            "answer6": "гофрИровать",
            "answer7": "Искриться",
            "answer8": "окИслиться",
            "user": "yes"
        },
        {
            "gender": "male",
            "age": "26-35",
            "answer1": "баржА",
            "answer2": "кирзОвый",
            "answer3": "ржАветь",
            "answer4": "пЕтля",
            "answer5": "Иначе",
            "answer6": "гофрИровать",
            "answer7": null,
            "answer8": "окИслиться",
            "user": "yes"
        },
        {
            "gender": null,
            "age": "36-45",
            "answer1": "баржА",
            "answer2": null,
            "answer3": null,
            "answer4": null,
            "answer5": "инАче",
            "answer6": null,
            "answer7": "Искриться",
            "answer8": null,
            "user": "yes"
        },
        {
            "gender": null,
            "age": "46-55",
            "answer1": null,
            "answer2": null,
            "answer3": null,
            "answer4": null,
            "answer5": null,
            "answer6": null,
            "answer7": null,
            "answer8": null,
            "user": "yes"
        },
        {
            "gender": null,
            "age": "55<",
            "answer1": "баржА",
            "answer2": null,
            "answer3": null,
            "answer4": "петлЯ",
            "answer5": "инАче",
            "answer6": "гофрировАть",
            "answer7": null,
            "answer8": "окИслиться",
            "user": "yes"
        }
    ]
}